Workbook

Sheet Worklog_Tasks&Times
A1: Date | B1: Status | C1: Task | D1: Description/Planning | E1: Task Type | F1: Most suited ILO | G1: Est Hours | H1: Actual Hours | I1: Diff | J1: Evidence link | K1: Task reflection / notes
A2: Week 1
A3: week plan: | B3: - Weekplan item 1 - Weekplan item 2 - Weekplan item 3 - etc
A4: Known Risks | B4: [Enter known possible issues that are a risk for you to finish the high level week planning]
A5: 45538 | B5: Done | C5: watching movie | D5: We watched Minority report movie which was about the crime which police use psychic technology to stopped the crime and arrest murder before they commit a crime . | E5: Meeting | F5: ILO 3.1 | G5: 2 | H5: 3.45 | I5: =H5-G5 -> 1.45
A6: 45537 | B6: Done | C6: First Meeting of AI and data science | D6: We was there to get information about this course and to be familiar with our python and math teachers and get to know that when we don't feel well who we can met. | E6: Meeting | F6: ILO 3.1 | G6: 2 | H6: 1.5 | I6: =H6-G6 -> -0.5
A7: 45538 | B7: Done | C7: Informed about how to use worklog | D7: In our data lab Edirlei and Elavendan came to our class to teach us how to use work log and learning log | E7: Debugging | F7: ILO 3.1 | G7: 0.5 | H7: 0.5 | I7: =H7-G7 -> 0
A8: 45538 | B8: Done | C8: Did the Tuesday quizzes | D8: I did the the Tuesday quizzes based on context that we have it | E8: Study | F8: ILO 3.1 | G8: 1 | H8: 1.3 | I8: =H8-G8 -> 0.3 | J8: https://github.com/BredaUniversityADSAI/2024-25A-FAI1-ADSAI--MohammadaliJaberi244437/blob/main/Quizzes-%20Project%201A%202024-2025%20-%20Breda%20University%20of%20Applied%20Sciences%20(TUESDAY).pdf
A9: 45539 | B9: Done | C9: Monday quizzes | D9: I did the the Monday quizzes with delay because I did not based on what context can I answer the quiestion | E9: Study | F9: ILO 3.1 | G9: 1 | H9: 2 | I9: =H9-G9 -> 1 | J9: https://github.com/BredaUniversityADSAI/2024-25A-FAI1-ADSAI--MohammadaliJaberi244437/blob/main/Quizzes%20-%20Project%201A%202024-2025%20-%20Breda%20University%20of%20Applied%20Sciences%20(Monday).pdf
A10: 45539 | B10: Done | C10: Wednesday quizzes | D10: I did the Wednesday quizzes based on the context we had it was about history of AI and the question that I like it was can machine think ro not. | E10: Study | F10: ILO 3.1 | G10: 1 | H10: 1 | I10: =H10-G10 -> 0 | J10: https://github.com/BredaUniversityADSAI/2024-25A-FAI1-ADSAI--MohammadaliJaberi244437/blob/main/Quizzes%20-%20Project%201A%202024-2025%20-%20Breda%20University%20of%20Applied%20Sciences%20Wednesday.pdf
A11: 45539 | B11: Done | C11: Wednesday text | D11: I read the whole context and based on that I was able to answer 3 questions. | E11: Study | F11: ILO 3.1 | G11: 2 | H11: 2 | I11: =H11-G11 -> 0 | J11: https://adsai.buas.nl/Study%20Content/Artificial%20Intelligence/3.%20History%20of%20AI%20&%20GitHub.html
A12: 37503 | B12: Done | C12: install github | D12: I had a problem to push my files and can use it for the evidence which I solve this | E12: Study | F12: ILO 3.1 | G12: 2 | H12: 3 | I12: =H12-G12 -> 1 | J12: https://github.com/BredaUniversityADSAI/2024-25A-FAI1-ADSAI--MohammadaliJaberi244437 | K12: I did not know how to make a evidence that’s why it tooks more time
A13: 45540 | B13: Done | C13: Reviewing Python | E13: Programming | F13: ILO 0.1 | G13: 2 | H13: 3 | I13: =H13-G13 -> 1 | J13: https://www.w3schools.com/python/default.asp | K13: In back in my country I used a to programing with python and I saw it's our course so I decide to review it to be comfortable in course.
A14: 45540 | B14: Done | C14: did the Python Task | D14: I downloaded and did it on VS code it wasn't that much hard yet I did variable | E14: Programming | F14: ILO 0.1 | G14: 3 | H14: 3 | I14: =H14-G14 -> 0 | J14: https://github.com/BredaUniversityADSAI/2024-25A-FAI1-ADSAI--MohammadaliJaberi244437/blob/main/1.%20Variables.ipynb
A15: 45540 | B15: Done | C15: did the Python Task | D15: I downloaded and did it on VS code it wasn't that much hard yet I did conditions | E15: Programming | F15: ILO 0.1 | G15: 3 | H15: 3 | I15: =H15-G15 -> 0 | J15: https://github.com/BredaUniversityADSAI/2024-25A-FAI1-ADSAI--MohammadaliJaberi244437/blob/main/2.%20Conditional%20execution.ipynb
A16: 45540 | B16: Done | C16: practice coding bat | E16: Programming | F16: ILO 0.1 | G16: 0.5 | H16: 0.5 | I16: =H16-G16 -> 0 | J16: https://github.com/BredaUniversityADSAI/2024-25A-FAI1-ADSAI--MohammadaliJaberi244437/blob/main/first%20Thursday.png
A17: 45540 | B17: Done | C17: practice Hacker | E17: Programming | F17: ILO 0.1 | G17: 0.5 | H17: 1 | I17: =H17-G17 -> 0.5 | J17: https://github.com/BredaUniversityADSAI/2024-25A-FAI1-ADSAI--MohammadaliJaberi244437/blob/main/FIRST%20THURSDAY%20(IF%20AND%20ELSE).png | K17: questions was harder than what I expect
A18: 45541 | B18: Done | C18: Friday quizz | E18: Study | F18: ILO 3.1 | G18: 1.5 | H18: 1.5 | I18: =H18-G18 -> 0 | J18: https://github.com/BredaUniversityADSAI/2024-25A-FAI1-ADSAI--MohammadaliJaberi244437/blob/main/Friday%20Quiz%20first%20week.png
A19: 45541 | B19: Done | C19: Friday Data lab | D19: prepared my data for presentation | E19: Study | F19: ILO 3.1 | G19: 6 | H19: 6 | I19: =H19-G19 -> 0
A20: 45541 | B20: Done | I20: =H20-G20 -> 0
A21: 45544
A22: 45540 | B22: - | I22: =H22-G22 -> 0
E23: Total Hours | G23: =SUM(G5:G22) -> 28 | H23: =SUM(H5:H22) -> 32.75 | I23: =H23-G23 -> 4.75
A24: Week 2
A25: week plan: | B25: - Weekplan item 1 - Weekplan item 2 - Weekplan item 3 - etc
A26: Known Risks | B26: [Enter known possible issues that are a risk for you to finish the high level week planning] - if any
A27: 45542 | B27: Done | C27: Monday math quiz | E27: Study | F27: ILO 0.2 | G27: 2 | H27: 2 | I27: =H27-G27 -> 0 | J27: https://github.com/BredaUniversityADSAI/2024-25A-FAI1-ADSAI--MohammadaliJaberi244437/blob/main/Summary%20-%20Project%201A%202024-2025%20-%20Breda%20University%20of%20Applied%20Sciences%20Fisrt%20math%20quizz.pdf
A28: 45542 | B28: Done | C28: Monday data lab quiz | E28: Study | F28: ILO 3.1 | G28: 1 | H28: 1 | I28: =H28-G28 -> 0 | J28: https://github.com/BredaUniversityADSAI/2024-25A-FAI1-ADSAI--MohammadaliJaberi244437/blob/main/Quizzes%20-%20Project%201A%202024-2025%20-%20Breda%20University%20of%20Applied%20Sciences%20week%202%20Monday.pdf
A29: 45542 | B29: Done | C29: Monday Data lab | E29: Study | F29: ILO 3.1 | G29: 5 | H29: 5 | I29: =H29-G29 -> 0
A30: 45543 | B30: Done | C30: Tuesday quiz | E30: Study | F30: ILO 3.1 | G30: 1 | H30: 1 | I30: =H30-G30 -> 0 | J30: https://github.com/BredaUniversityADSAI/2024-25A-FAI1-ADSAI--MohammadaliJaberi244437/blob/main/Summary%20-%20Project%201A%202024-2025%20-%20Breda%20University%20of%20Applied%20Sciences%20Week%202%20Tuesday.pdf
A31: 45543 | B31: Done | C31: Tuesday Data lab | E31: Study | F31: ILO 3.1 | G31: 6 | H31: 6 | I31: =H31-G31 -> 0
A32: 45544 | B32: Done | C32: Wednesday quizzes | E32: Study | F32: ILO 3.1 | G32: 1 | H32: 1 | I32: =H32-G32 -> 0 | J32: https://github.com/BredaUniversityADSAI/2024-25A-FAI1-ADSAI--MohammadaliJaberi244437/blob/main/Wednesday%20week%202.png
A33: 45544 | B33: Done | C33: Wednesday data lab | E33: Study | F33: ILO 3.1 | G33: 6 | H33: 6 | I33: =H33-G33 -> 0
A34: 45545 | B34: Done | C34: Python pragraming | D34: Function notbook | E34: Programming | F34: ILO 0.1 | G34: 3 | H34: 3 | I34: =H34-G34 -> 0 | J34: https://github.com/BredaUniversityADSAI/2024-25A-FAI1-ADSAI--MohammadaliJaberi244437/blob/main/3.%20Functions%20(1)%20tamrine%20saturday%20anjam%20shode.ipynb
A35: 45545 | B35: Done | C35: Python programing | D35: Loops | E35: Pragraming | F35: ILO 0.1 | G35: 3 | H35: 3 | I35: =H35-G35 -> 0 | J35: https://github.com/BredaUniversityADSAI/2024-25A-FAI1-ADSAI--MohammadaliJaberi244437/blob/main/4.%20Loops%20(2)%20anjam%20shode.ipynb
A36: 45545 | B36: Done | C36: Coding bat | E36: Programming | F36: ILO 0.1 | G36: 1 | H36: 1 | I36: =H36-G36 -> 0
A37: 45546 | B37: Done | C37: Friday quizz | E37: Study | F37: ILO 3.1 | G37: 1 | H37: 1 | I37: =H37-G37 -> 0 | J37: https://github.com/BredaUniversityADSAI/2024-25A-FAI1-ADSAI--MohammadaliJaberi244437/blob/main/friday%20week%202.png
A38: 45546 | B38: Done | C38: presentation | D38: finding data and searching for a good movie for my presentation | E38: Lecture | F38: ILO 3.1 | G38: 2 | H38: 2 | I38: =H38-G38 -> 0
C39: Max 4 hours tasks | I39: =H39-G39 -> 0
C40: Max 4 hours tasks | I40: =H40-G40 -> 0
C41: Max 4 hours tasks | I41: =H41-G41 -> 0
C42: Max 4 hours tasks | I42: =H42-G42 -> 0
C43: Max 4 hours tasks | I43: =H43-G43 -> 0
C44: Max 4 hours tasks | I44: =H44-G44 -> 0
E45: Total Hours | G45: =SUM(G25:G44) -> 32 | H45: =SUM(H25:H44) -> 32 | I45: =H45-G45 -> 0
A46: Week 3
A47: week plan: | B47: - Weekplan item 1 - Weekplan item 2 - Weekplan item 3 - etc
A48: Known Risks | B48: [Enter known possible issues that are a risk for you to finish the high level week planning]
A49: 45549 | B49: Done | C49: Math quize | D49: I completed math quizes and I think I was good on it | E49: Study | F49: ILO 0.2 | G49: 2 | H49: 2 | I49: =H49-G49 -> 0 | J49: https://github.com/BredaUniversityADSAI/2024-25A-FAI1-ADSAI--MohammadaliJaberi244437/blob/main/Math%20quiz%20week%203.png
A50: 45549 | B50: Done | C50: Math data lab | E50: Study | F50: ILO 3.1 | G50: 3 | H50: 3 | I50: =H50-G50 -> 0
A51: 45549 | B51: Done | C51: Presentation | D51: working on my data for presentation | E51: Study | F51: ILO 3.1 | G51: 2 | H51: 3 | I51: =H51-G51 -> 1 | K51: I couldn't find good data also I wasn't sure about what I'm want to present
A52: 45549 | B52: Done | C52: Monday Quiz | E52: Study | F52: ILO 3.1 | G52: 1 | H52: 1 | I52: =H52-G52 -> 0 | J52: https://github.com/BredaUniversityADSAI/2024-25A-FAI1-ADSAI--MohammadaliJaberi244437/blob/main/Monday%20week%203%20quiz.png
A53: 45550 | B53: Done | C53: Tuesday | D53: Data lab | E53: Study | F53: ILO 3.1 | G53: 4 | H53: 4 | I53: =H53-G53 -> 0
A54: 45550 | B54: Done | C54: Tueday quiz | E54: Study | F54: ILO 3.1 | G54: 1 | H54: 1 | I54: =H54-G54 -> 0 | J54: https://github.com/BredaUniversityADSAI/2024-25A-FAI1-ADSAI--MohammadaliJaberi244437/blob/main/Tuesday%20week%203.png
A55: 45551 | B55: Done | C55: Wednesday | D55: working on my data for presentation | E55: Study | F55: ILO 3.1 | G55: 3 | H55: 3 | I55: =H55-G55 -> 0
A56: 45551 | B56: Done | C56: Wednesday quizzes | E56: Study | F56: ILO 3.1 | G56: 1 | H56: 1 | I56: =H56-G56 -> 0 | J56: https://github.com/BredaUniversityADSAI/2024-25A-FAI1-ADSAI--MohammadaliJaberi244437/blob/main/Wednesday%20week%203%20quiz.png
A57: 45552 | B57: Done | C57: Programing | D57: String notebook | E57: Programming | F57: ILO 0.1 | G57: 3 | H57: 3 | I57: =H57-G57 -> 0 | J57: https://github.com/BredaUniversityADSAI/2024-25A-FAI1-ADSAI--MohammadaliJaberi244437/blob/main/5.%20Strings(anjam%20shode).ipynb
A58: 45552 | B58: Done | C58: Programing | D58: List note book | E58: Programming | F58: ILO 0.1 | G58: 3 | H58: 3 | I58: =H58-G58 -> 0 | J58: https://github.com/BredaUniversityADSAI/2024-25A-FAI1-ADSAI--MohammadaliJaberi244437/blob/main/6.%20Lists(anjam%20shode).ipynb
A59: 45552 | B59: Done | C59: Programing | D59: coding bat | E59: Programming | F59: ILO 0.1 | G59: 2 | H59: 2 | I59: =H59-G59 -> 0 | J59: https://github.com/BredaUniversityADSAI/2024-25A-FAI1-ADSAI--MohammadaliJaberi244437/blob/main/week%203%20evidence%20coding%20bat.png
A60: 45552 | B60: Done | C60: Presentation | D60: reviewing my presentation | E60: Study | F60: ILO 3.1 | G60: 2 | H60: 2 | I60: =H60-G60 -> 0
A61: 45552 | B61: Done | C61: presentation | D61: checking my presentation with data lab | E61: Study | F61: ILO 3.1 | G61: 0.5 | H61: 0.5 | I61: =H61-G61 -> 0
A62: 45553 | B62: Done | C62: AI presentation | D62: Uploading my presentation to bright space | E62: Evidencing | F62: ILO 3.1 | I62: =H62-G62 -> 0 | J62: https://github.com/BredaUniversityADSAI/2024-25A-FAI1-ADSAI--MohammadaliJaberi244437/blob/main/Mohammadali%20Jaberi%20_%20244437_%20ChatGPT%20(AI%20PRESENTATION).pdf
E63: Total Hours | G63: =SUM(G49:G62) -> 27.5 | H63: =SUM(H49:H62) -> 28.5 | I63: =H63-G63 -> 1
A64: Week 4
A65: week plan: | B65: - Weekplan item 1 - Weekplan item 2 - Weekplan item 3 - etc
A66: Known Risks | B66: [Enter known possible issues that are a risk for you to finish the high level week planning]
A67: 45558 | B67: Done | C67: datalab prepration | D67: I did the assesment on datalab, answered questions | E67: Study | F67: ILO 3.1 | G67: 1 | H67: 1 | I67: =H67-G67 -> 0 | J67: https://github.com/BredaUniversityADSAI/2024-25A-FAI1-ADSAI--MohammadaliJaberi244437/blob/main/Monday/Monday%20data%20lab%20(Evidence%20of%20Monday).pdf
A68: 45558 | B68: Done | C68: Introduction to Power BI | D68: I installed the Power BI but I couldn’t finish the data camp tasks | E68: Workshop | F68: ILO 7.1 | G68: 3 | H68: 4 | I68: =H68-G68 -> 1 | J68: https://github.com/BredaUniversityADSAI/2024-25A-FAI1-ADSAI--MohammadaliJaberi244437/blob/main/certificate(1).pdf | K68: I couldn't underestand it so I listened so many times to get it better
A69: 45558 | B69: Done | C69: SDG | D69: I watched the video on datalab about sdg and I also seached a bit about it to understand better | E69: Study | F69: ILO 7.1 | G69: 0.2 | H69: 0.2 | I69: =H69-G69 -> 0 | J69: https://www.youtube.com/watch?v=JJ93WMzaiKY
A70: 45558 | B70: Done | C70: data analyst | D70: I watched some video on youtube in Persian about Data Analyst to understand better | E70: Study | F70: ILO 3.1 | G70: 1 | H70: 1 | I70: =H70-G70 -> 0 | J70: https://www.youtube.com/watch?v=C1QYzoJS-0w&list=PLC6UZnripyEx7jcWGjlsPlf4RVVVz8P-y
A71: 45558 | B71: Done | C71: Math quize | D71: I completed math quizes and resuly was't too bad | E71: Study | F71: ILO 0.2 | G71: 1 | H71: 1.5 | I71: =H71-G71 -> 0.5 | J71: https://github.com/BredaUniversityADSAI/2024-25A-FAI1-ADSAI--MohammadaliJaberi244437/blob/main/Monday%20quiz%20math%20week%204.png
A72: 45559 | B72: Done | C72: defining the problem statement | D72: I watched the video about SDG and based that goals I defined problem statement to can find a good research questions | E72: Workshop | F72: ILO 3.1 | G72: 2 | H72: 2 | I72: =H72-G72 -> 0
A73: 45559 | B73: Done | C73: Attending on Guest lecture | D73: I attend to the Guest lecture and it was very useful for me about Data Analyst | E73: Workshop | F73: ILO 3.1 | G73: 1 | H73: 1 | I73: =H73-G73 -> 0 | J73: https://github.com/BredaUniversityADSAI/2024-25A-FAI1-ADSAI--MohammadaliJaberi244437/blob/main/WhatsApp%20Image%202024-10-31%20at%2001.22.31_3ae2f6b8.jpg
A74: 45559 | B74: Done | C74: Attending on SDG Kick-off Lecture | D74: I attend to the SDG Kick-Off lecture | E74: Workshop | F74: ILO 3.1 | G74: 1 | H74: 1 | I74: =H74-G74 -> 0 | J74: https://github.com/BredaUniversityADSAI/2024-25A-FAI1-ADSAI--MohammadaliJaberi244437/blob/main/WhatsApp%20Image%202024-10-31%20at%2001.22.33_ba8782db.jpg
A75: 45559 | B75: Done | C75: Introduction about researxh question | D75: I think I made a good researxh question and based on that I started to write a good intro duction | F75: ILO 7.1 | G75: 1 | H75: 1 | I75: 1 | J75: https://github.com/BredaUniversityADSAI/2024-25A-FAI1-ADSAI--MohammadaliJaberi244437/blob/main/SDG_IndicatorsDashboard_Mohammadali.pbix
A76: 45559 | B76: Done | C76: data lab | D76: I watched all the videos on data lab and also I transformed my introduction to Power BI | E76: Study | F76: ILO 3.1 | G76: 2 | H76: 2 | I76: =H76-G76 -> 0
A77: 45560 | B77: Done | C77: Power BI | D77: I installed Power BI and I did The other half of the Power BI | E77: Study | F77: ILO 7.1 | G77: 4 | H77: 5 | I77: =H77-G77 -> 1
A78: 45560 | B78: Done | C78: Data lab | D78: I watched all the videos on data lab and also read all the context | E78: Study | F78: ILO 3.1 | G78: 3 | H78: 3 | I78: =H78-G78 -> 0 | J78: https://adsai.buas.nl/Study%20Content/DataScience/IntroToVariablesAndDataTransformation.html
A79: 45560 | B79: Done | C79: Excel | D79: I also practiced on Excel based on what data lab said | E79: Study | F79: ILO 3.1 | G79: 1.5 | H79: 1.5 | I79: =H79-G79 -> 0 | J79: https://github.com/BredaUniversityADSAI/2024-25A-FAI1-ADSAI--MohammadaliJaberi244437/blob/main/Wednesday/practicing%20excel%20on%20Wednesday%20(Wednesday%20evidence).xlsx
A80: 45560 | B80: Done | C80: Power BI | D80: I also watched some video on youtube in persian about Power BI to be more clear for me | E80: Study | F80: ILO 7.1 | G80: 1 | H80: 1 | I80: =H80-G80 -> 0 | J80: https://www.youtube.com/watch?v=2iT3B_w46_A&list=PLKT0xIy9dB5gtN2UkFSiSuBrj855mY_HA
A81: 45560 | B81: Done | C81: Power BI | D81: I wasn't able to watched the Data transformation in Power BI because I wasn't feel comfortable on Power BI yet | F81: ILO 7.1 | G81: 1 | H81: 1 | I81: =H81-G81 -> 0
A82: 45561 | B82: Done | C82: Python | D82: Python Tuples | E82: Programming | F82: ILO 0.1 | G82: 3 | H82: 3 | J82: https://github.com/BredaUniversityADSAI/2024-25A-FAI1-ADSAI--MohammadaliJaberi244437/blob/main/8.%20Tuples%20(%20anjam%20shode).ipynb
A83: 45561 | B83: Done | C83: Power BI | D83: I did the Data transformation in power BI video the thing that I wasn't able do it yesterday | E83: Study | G83: 0.5 | H83: 0.5 | J83: https://www.youtube.com/watch?v=8rOiqzmdaOc
A84: 45561 | B84: Done | C84: Programing | D84: Python Dictionaries | E84: Programming | F84: ILO 0.1 | G84: 3 | H84: 3 | J84: https://github.com/BredaUniversityADSAI/2024-25A-FAI1-ADSAI--MohammadaliJaberi244437/blob/main/7.%20Dictionaries(anjam%20shode).ipynb
A85: 45561 | B85: Done | C85: Programing | D85: coding bat | E85: Programming | F85: ILO 0.1 | G85: 2 | H85: 2 | J85: https://github.com/BredaUniversityADSAI/2024-25A-FAI1-ADSAI--MohammadaliJaberi244437/blob/main/week%204%20programing.png
A86: 45562 | B86: Done | C86: Power BI | D86: Data camp course | E86: Study | F86: ILO 7.1 | G86: 3 | H86: 4 | J86: https://github.com/BredaUniversityADSAI/2024-25A-FAI1-ADSAI--MohammadaliJaberi244437/blob/main/Data%20camp%20friday.pdf
A87: 45562 | B87: Done | C87: Power BI | D87: preparing my data from SDG website | E87: Study | F87: ILO 10.1 | G87: 2 | H87: 2
C88: Max 4 hours tasks | I88: =H88-G88 -> 0
E89: Total Hours | G89: =SUM(G67:G88) -> 37.2 | H89: =SUM(H67:H88) -> 40.7 | I89: =H89-G89 -> 3.5
A90: Week 5
A91: week plan: | B91: - Weekplan item 1 - Weekplan item 2 - Weekplan item 3 - etc
A92: Known Risks | B92: [Enter known possible issues that are a risk for you to finish the high level week planning]
A93: 45565 | B93: Done | C93: Math quize | E93: Study | F93: ILO 0.2 | G93: 1.5 | H93: 1.5 | I93: =H93-G93 -> 0 | J93: https://github.com/BredaUniversityADSAI/2024-25A-FAI1-ADSAI--MohammadaliJaberi244437/blob/main/week%205%20math.png
A94: 45565 | B94: Done | C94: Data camp | D94: Data Visualisation data camp | E94: Study | F94: ILO 7.1 | G94: 3 | H94: 4 | I94: =H94-G94 -> 1 | J94: https://github.com/BredaUniversityADSAI/2024-25A-FAI1-ADSAI--MohammadaliJaberi244437/blob/main/certificate(%20Data%20visualisation%20Monday%20week%205).pdf | K94: to learn it better I watched some videos twice
A95: 45565 | B95: Done | C95: Data camp | D95: Data Analysis | E95: Study | F95: ILO 10.1 | G95: 3 | H95: 4 | I95: =H95-G95 -> 1 | J95: https://github.com/BredaUniversityADSAI/2024-25A-FAI1-ADSAI--MohammadaliJaberi244437/blob/main/certificate(%20Monday%20week%205%20data%20camp).pdf | K95: to learn it better I watched some videos twice
A96: 45566 | B96: Done | C96: Data lab | D96: Working on my dashboard | E96: Research | F96: ILO 7.1 | G96: 4 | H96: 4 | I96: =H96-G96 -> 0
A97: 45566 | B97: Done | C97: Math | D97: Practicing math for the final exam | E97: Study | F97: ILO 3.1 | G97: 3 | H97: 3 | I97: =H97-G97 -> 0
A98: 45567 | B98: Done | C98: Data lab | E98: Study | F98: ILO 3.1 | G98: 2 | H98: 2 | I98: =H98-G98 -> 0
A99: 45567 | B99: Done | C99: Math | D99: Practicing math for the final exam on Khan academy | E99: Study | F99: ILO 0.1 | G99: 4 | H99: 4 | I99: =H99-G99 -> 0 | J99: https://github.com/BredaUniversityADSAI/2024-25A-FAI1-ADSAI--MohammadaliJaberi244437/blob/main/Practicing%20math%20week%205.png
A100: 45568 | B100: Done | C100: Programing | D100: Jupiter notebook Files | E100: Programming | F100: ILO 0.1 | G100: 3 | H100: 3 | I100: =H100-G100 -> 0
...

Sheet Overview
B2: Learning Objective | C2: W1 | D2: W2 | E2: W3 | F2: W4 | G2: W5 | H2: W6 | I2: W7 | J2: W8 | K2: Total Hours for objective
B3: ='Drop-downs'!C2 -> - | K3: =SUM(C3:J3) -> 0
B4: ='Drop-downs'!C3 -> ILO 0.1 | C4: {=IFERROR(SUM(_xlfn._xlws.FILTER('Worklog_Tasks&Times'!$H$5:$H$22,'Worklog_Tasks&Times'!$F$5:$F$22=$B4)),0)} -> 10.5 | D4: {=IFERROR(SUM(_xlfn._xlws.FILTER('Worklog_Tasks&Times'!$H$27:$H$44,'Worklog_Tasks&Times'!$F$27:$F$44=$B4)),0)} -> 7 | E4: {=IFERROR(SUM(_xlfn._xlws.FILTER('Worklog_Tasks&Times'!$H$49:$H$62,'Worklog_Tasks&Times'!$F$49:$F$62=$B4)),0)} -> 8 | F4: {=IFERROR(SUM(_xlfn._xlws.FILTER('Worklog_Tasks&Times'!$H$67:$H$88,'Worklog_Tasks&Times'!$F$67:$F$88=$B4)),0)} -> 8 | G4: {=IFERROR(SUM(_xlfn._xlws.FILTER('Worklog_Tasks&Times'!$H$93:$H$105,'Worklog_Tasks&Times'!$F$93:$F$105=$B4)),0)} -> 12 | H4: {=IFERROR(SUM(_xlfn._xlws.FILTER('Worklog_Tasks&Times'!$H$110:$H$119,'Worklog_Tasks&Times'!$F$110:$F$119=$B4)),0)} -> 6 | I4: {=IFERROR(SUM(_xlfn._xlws.FILTER('Worklog_Tasks&Times'!$H$124:$H$133,'Worklog_Tasks&Times'!$F$124:$F$133=$B4)),0)} -> 22 | J4: {=IFERROR(SUM(_xlfn._xlws.FILTER('Worklog_Tasks&Times'!$H$138:$H$147,'Worklog_Tasks&Times'!$F$138:$F$147=$B4)),0)} -> 0 | K4: =SUM(C4:J4) -> 73.5
B5: ='Drop-downs'!C4 -> ILO 0.2 | C5: {=IFERROR(SUM(_xlfn._xlws.FILTER('Worklog_Tasks&Times'!$H$5:$H$22,'Worklog_Tasks&Times'!$F$5:$F$22=$B5)),0)} -> 0 | D5: {=IFERROR(SUM(_xlfn._xlws.FILTER('Worklog_Tasks&Times'!$H$27:$H$44,'Worklog_Tasks&Times'!$F$27:$F$44=$B5)),0)} -> 2 | E5: {=IFERROR(SUM(_xlfn._xlws.FILTER('Worklog_Tasks&Times'!$H$49:$H$62,'Worklog_Tasks&Times'!$F$49:$F$62=$B5)),0)} -> 2 | F5: {=IFERROR(SUM(_xlfn._xlws.FILTER('Worklog_Tasks&Times'!$H$67:$H$88,'Worklog_Tasks&Times'!$F$67:$F$88=$B5)),0)} -> 1.5 | G5: {=IFERROR(SUM(_xlfn._xlws.FILTER('Worklog_Tasks&Times'!$H$93:$H$105,'Worklog_Tasks&Times'!$F$93:$F$105=$B5)),0)} -> 5.5 | H5: {=IFERROR(SUM(_xlfn._xlws.FILTER('Worklog_Tasks&Times'!$H$110:$H$119,'Worklog_Tasks&Times'!$F$110:$F$119=$B5)),0)} -> 13.5 | I5: {=IFERROR(SUM(_xlfn._xlws.FILTER('Worklog_Tasks&Times'!$H$124:$H$133,'Worklog_Tasks&Times'!$F$124:$F$133=$B5)),0)} -> 0 | J5: {=IFERROR(SUM(_xlfn._xlws.FILTER('Worklog_Tasks&Times'!$H$138:$H$147,'Worklog_Tasks&Times'!$F$138:$F$147=$B5)),0)} -> 0 | K5: =SUM(C5:J5) -> 24.5
B6: ='Drop-downs'!C5 -> ILO 1.1 | C6: {=IFERROR(SUM(_xlfn._xlws.FILTER('Worklog_Tasks&Times'!$H$5:$H$22,'Worklog_Tasks&Times'!$F$5:$F$22=$B6)),0)} -> 0 | D6: {=IFERROR(SUM(_xlfn._xlws.FILTER('Worklog_Tasks&Times'!$H$27:$H$44,'Worklog_Tasks&Times'!$F$27:$F$44=$B6)),0)} -> 0 | E6: {=IFERROR(SUM(_xlfn._xlws.FILTER('Worklog_Tasks&Times'!$H$49:$H$62,'Worklog_Tasks&Times'!$F$49:$F$62=$B6)),0)} -> 0 | F6: {=IFERROR(SUM(_xlfn._xlws.FILTER('Worklog_Tasks&Times'!$H$67:$H$88,'Worklog_Tasks&Times'!$F$67:$F$88=$B6)),0)} -> 0 | G6: {=IFERROR(SUM(_xlfn._xlws.FILTER('Worklog_Tasks&Times'!$H$93:$H$105,'Worklog_Tasks&Times'!$F$93:$F$105=$B6)),0)} -> 0 | H6: {=IFERROR(SUM(_xlfn._xlws.FILTER('Worklog_Tasks&Times'!$H$110:$H$119,'Worklog_Tasks&Times'!$F$110:$F$119=$B6)),0)} -> 0 | I6: {=IFERROR(SUM(_xlfn._xlws.FILTER('Worklog_Tasks&Times'!$H$124:$H$133,'Worklog_Tasks&Times'!$F$124:$F$133=$B6)),0)} -> 0 | J6: {=IFERROR(SUM(_xlfn._xlws.FILTER('Worklog_Tasks&Times'!$H$138:$H$147,'Worklog_Tasks&Times'!$F$138:$F$147=$B6)),0)} -> 0 | K6: =SUM(C6:J6) -> 0
B7: ='Drop-downs'!C6 -> ILO 2.1 | C7: {=IFERROR(SUM(_xlfn._xlws.FILTER('Worklog_Tasks&Times'!$H$5:$H$22,'Worklog_Tasks&Times'!$F$5:$F$22=$B7)),0)} -> 0 | D7: {=IFERROR(SUM(_xlfn._xlws.FILTER('Worklog_Tasks&Times'!$H$27:$H$44,'Worklog_Tasks&Times'!$F$27:$F$44=$B7)),0)} -> 0 | E7: {=IFERROR(SUM(_xlfn._xlws.FILTER('Worklog_Tasks&Times'!$H$49:$H$62,'Worklog_Tasks&Times'!$F$49:$F$62=$B7)),0)} -> 0 | F7: {=IFERROR(SUM(_xlfn._xlws.FILTER('Worklog_Tasks&Times'!$H$67:$H$88,'Worklog_Tasks&Times'!$F$67:$F$88=$B7)),0)} -> 0 | G7: {=IFERROR(SUM(_xlfn._xlws.FILTER('Worklog_Tasks&Times'!$H$93:$H$105,'Worklog_Tasks&Times'!$F$93:$F$105=$B7)),0)} -> 0 | H7: {=IFERROR(SUM(_xlfn._xlws.FILTER('Worklog_Tasks&Times'!$H$110:$H$119,'Worklog_Tasks&Times'!$F$110:$F$119=$B7)),0)} -> 0 | I7: {=IFERROR(SUM(_xlfn._xlws.FILTER('Worklog_Tasks&Times'!$H$124:$H$133,'Worklog_Tasks&Times'!$F$124:$F$133=$B7)),0)} -> 0 | J7: {=IFERROR(SUM(_xlfn._xlws.FILTER('Worklog_Tasks&Times'!$H$138:$H$147,'Worklog_Tasks&Times'!$F$138:$F$147=$B7)),0)} -> 0 | K7: =SUM(C7:J7) -> 0
B8: ='Drop-downs'!C7 -> ILO 3.1 | C8: {=IFERROR(SUM(_xlfn._xlws.FILTER('Worklog_Tasks&Times'!$H$5:$H$22,'Worklog_Tasks&Times'!$F$5:$F$22=$B8)),0)} -> 22.25 | D8: {=IFERROR(SUM(_xlfn._xlws.FILTER('Worklog_Tasks&Times'!$H$27:$H$44,'Worklog_Tasks&Times'!$F$27:$F$44=$B8)),0)} -> 23 | E8: {=IFERROR(SUM(_xlfn._xlws.FILTER('Worklog_Tasks&Times'!$H$49:$H$62,'Worklog_Tasks&Times'!$F$49:$F$62=$B8)),0)} -> 18.5 | F8: {=IFERROR(SUM(_xlfn._xlws.FILTER('Worklog_Tasks&Times'!$H$67:$H$88,'Worklog_Tasks&Times'!$F$67:$F$88=$B8)),0)} -> 12.5 | G8: {=IFERROR(SUM(_xlfn._xlws.FILTER('Worklog_Tasks&Times'!$H$93:$H$105,'Worklog_Tasks&Times'!$F$93:$F$105=$B8)),0)} -> 7 | H8: {=IFERROR(SUM(_xlfn._xlws.FILTER('Worklog_Tasks&Times'!$H$110:$H$119,'Worklog_Tasks&Times'!$F$110:$F$119=$B8)),0)} -> 5 | I8: {=IFERROR(SUM(_xlfn._xlws.FILTER('Worklog_Tasks&Times'!$H$124:$H$133,'Worklog_Tasks&Times'!$F$124:$F$133=$B8)),0)} -> 4 | J8: {=IFERROR(SUM(_xlfn._xlws.FILTER('Worklog_Tasks&Times'!$H$138:$H$147,'Worklog_Tasks&Times'!$F$138:$F$147=$B8)),0)} -> 8 | K8: =SUM(C8:J8) -> 100.25
B9: ='Drop-downs'!C8 -> ILO 7.1 | C9: {=IFERROR(SUM(_xlfn._xlws.FILTER('Worklog_Tasks&Times'!$H$5:$H$22,'Worklog_Tasks&Times'!$F$5:$F$22=$B9)),0)} -> 0 | D9: {=IFERROR(SUM(_xlfn._xlws.FILTER('Worklog_Tasks&Times'!$H$27:$H$44,'Worklog_Tasks&Times'!$F$27:$F$44=$B9)),0)} -> 0 | E9: {=IFERROR(SUM(_xlfn._xlws.FILTER('Worklog_Tasks&Times'!$H$49:$H$62,'Worklog_Tasks&Times'!$F$49:$F$62=$B9)),0)} -> 0 | F9: {=IFERROR(SUM(_xlfn._xlws.FILTER('Worklog_Tasks&Times'!$H$67:$H$88,'Worklog_Tasks&Times'!$F$67:$F$88=$B9)),0)} -> 16.2 | G9: {=IFERROR(SUM(_xlfn._xlws.FILTER('Worklog_Tasks&Times'!$H$93:$H$105,'Worklog_Tasks&Times'!$F$93:$F$105=$B9)),0)} -> 8 | H9: {=IFERROR(SUM(_xlfn._xlws.FILTER('Worklog_Tasks&Times'!$H$110:$H$119,'Worklog_Tasks&Times'!$F$110:$F$119=$B9)),0)} -> 0 | I9: {=IFERROR(SUM(_xlfn._xlws.FILTER('Worklog_Tasks&Times'!$H$124:$H$133,'Worklog_Tasks&Times'!$F$124:$F$133=$B9)),0)} -> 3 | J9: {=IFERROR(SUM(_xlfn._xlws.FILTER('Worklog_Tasks&Times'!$H$138:$H$147,'Worklog_Tasks&Times'!$F$138:$F$147=$B9)),0)} -> 10 | K9: =SUM(C9:J9) -> 37.2
B10: ='Drop-downs'!C9 -> ILO 10.1 | C10: {=IFERROR(SUM(_xlfn._xlws.FILTER('Worklog_Tasks&Times'!$H$5:$H$22,'Worklog_Tasks&Times'!$F$5:$F$22=$B10)),0)} -> 0 | D10: {=IFERROR(SUM(_xlfn._xlws.FILTER('Worklog_Tasks&Times'!$H$27:$H$44,'Worklog_Tasks&Times'!$F$27:$F$44=$B10)),0)} -> 0 | E10: {=IFERROR(SUM(_xlfn._xlws.FILTER('Worklog_Tasks&Times'!$H$49:$H$62,'Worklog_Tasks&Times'!$F$49:$F$62=$B10)),0)} -> 0 | F10: {=IFERROR(SUM(_xlfn._xlws.FILTER('Worklog_Tasks&Times'!$H$67:$H$88,'Worklog_Tasks&Times'!$F$67:$F$88=$B10)),0)} -> 2 | G10: {=IFERROR(SUM(_xlfn._xlws.FILTER('Worklog_Tasks&Times'!$H$93:$H$105,'Worklog_Tasks&Times'!$F$93:$F$105=$B10)),0)} -> 4 | H10: {=IFERROR(SUM(_xlfn._xlws.FILTER('Worklog_Tasks&Times'!$H$110:$H$119,'Worklog_Tasks&Times'!$F$110:$F$119=$B10)),0)} -> 4 | I10: {=IFERROR(SUM(_xlfn._xlws.FILTER('Worklog_Tasks&Times'!$H$124:$H$133,'Worklog_Tasks&Times'!$F$124:$F$133=$B10)),0)} -> 0 | J10: {=IFERROR(SUM(_xlfn._xlws.FILTER('Worklog_Tasks&Times'!$H$138:$H$147,'Worklog_Tasks&Times'!$F$138:$F$147=$B10)),0)} -> 10 | K10: =SUM(C10:J10) -> 20
B11: TOTAL HOURS PER WEEK | C11: =SUM(C3:C10) -> 32.75 | D11: =SUM(D3:D10) -> 32 | E11: =SUM(E3:E10) -> 28.5 | F11: =SUM(F3:F10) -> 40.2 | G11: =SUM(G3:G10) -> 36.5 | H11: =SUM(H3:H10) -> 28.5 | I11: =SUM(I3:I10) -> 29 | J11: =SUM(J3:J10) -> 28
B13: Use this to plan a high level allocation for all 320 hours you are expected to devote to the course during this block. How do you want to allocate your hours for each week? Why 320 hours? The European Higher Education Framework states that an academic credit is expected to require 25-28 hours to earn. You earn 15 credits per block, so you should be expected to devote 375 hours to accomplish that. CMGT students do fewer hours because the program is more intense.
B17: If you add more rows to the Worklog Tasks and Time sheet, make sure to update the row count accordingly. For example, if you add an additional row for Week 1, you'll need to adjust all formula in Column C from H14 to H15 and F14 to F15

Sheet Drop-downs
A1: Task Status | B1: Task Type | C1: ILO selection
A2: - | B2: - | C2: -
A3: Planned | B3: Design | C3: ILO 0.1
A4: Unplanned | B4: Meeting | C4: ILO 0.2
A5: Blocked | B5: Programming | C5: ILO 1.1
A6: In-Progress | B6: Research | C6: ILO 2.1
A7: Done | B7: Testing | C7: ILO 3.1
A8: Delayed | B8: Workshop | C8: ILO 7.1
A9: Cancelled | B9: Planning | C9: ILO 10.1
B10: Evidencing
B11: Debugging
B12: Lecture
B13: Study
B14: Unplanned
B15: Distraction
B16: Break
